1,8,14,Surf excel 1 kg in blue,Surf excel 1 kg in blue,130,130,This is product desc,1.jpg,2.jpg,3.jpg,0,In Stock,30-01-2017 08:54,30-01-2017 08:54
2,8,14,Lizol,Lizol,130,130,This is product desc,1.jpg,2.jpg,3.jpg,0,In Stock,30-01-2017 08:54,30-01-2017 08:54
3,8,14,dishwasher soap,dishwasher soap,50,50,This is product desc,1.jpg,2.jpg,3.jpg,0,In Stock,30-01-2017 08:54,30-01-2017 08:54
4,8,14,garbage bags,garbage bags,50,50,This is product desc,1.jpg,2.jpg,3.jpg,0,In Stock,30-01-2017 08:54,30-01-2017 08:54
5,8,14,glass cleaner,glass cleaner,50,50,This is product desc,1.jpg,2.jpg,3.jpg,0,In Stock,30-01-2017 08:54,30-01-2017 08:54
6,4,,milk,milk,25,25,This is product desc,1.jpg,2.jpg,3.jpg,0,In Stock,30-01-2017 08:54,30-01-2017 08:54
7,4,,cream,cream,50,50,This is product desc,1.jpg,2.jpg,3.jpg,0,In Stock,30-01-2017 08:54,30-01-2017 08:54
8,4,,cheese,cheese,50,50,This is product desc,1.jpg,2.jpg,3.jpg,0,In Stock,30-01-2017 08:54,30-01-2017 08:54
9,3, ,english copy,english copy,50,50,This is product desc,1.jpg,2.jpg,3.jpg,0,In Stock,30-01-2017 08:54,30-01-2017 08:54
10,3,,pencils,pencils,50,50,This is product desc,1.jpg,2.jpg,3.jpg,0,In Stock,30-01-2017 08:54,30-01-2017 08:54
11,3,,sharpner set of 10,sharpner set of 10,50,50,This is product desc,1.jpg,2.jpg,3.jpg,0,In Stock,30-01-2017 08:54,30-01-2017 08:54
12,3,,eraser set of 20,eraser set of 20,50,50,This is product desc,1.jpg,2.jpg,3.jpg,0,In Stock,30-01-2017 08:54,30-01-2017 08:54
13,3,,hindi copy set of 2,hindi copy set of 2,50,50,This is product desc,1.jpg,2.jpg,3.jpg,0,In Stock,30-01-2017 08:54,30-01-2017 08:54
14,3,,math copy set of 2,math copy set of 2,50,50,This is product desc,1.jpg,2.jpg,3.jpg,0,In Stock,30-01-2017 08:54,30-01-2017 08:54
15,5,,lays,lays,10,10,This is product desc,1.jpg,2.jpg,3.jpg,0,In Stock,30-01-2017 08:54,30-01-2017 08:54
16,5,,coke,coke,20,20,This is product desc,1.jpg,2.jpg,3.jpg,0,In Stock,30-01-2017 08:54,30-01-2017 08:54
17,5,,pea nuts,pea nuts,10,10,This is product desc,1.jpg,2.jpg,3.jpg,0,In Stock,30-01-2017 08:54,30-01-2017 08:54
18,6,,limca,limca,50,50,This is product desc,1.jpg,2.jpg,3.jpg,0,In Stock,30-01-2017 08:54,30-01-2017 08:54
19,6,,Fanta,Fanta,50,50,This is product desc,1.jpg,2.jpg,3.jpg,0,In Stock,30-01-2017 08:54,30-01-2017 08:54
20,7,,white shirt,white shirt,200,200,This is product desc,1.jpg,2.jpg,3.jpg,0,In Stock,30-01-2017 08:54,30-01-2017 08:54
21,7,,black shirt,black shirt,200,200,This is product desc,1.jpg,2.jpg,3.jpg,0,In Stock,30-01-2017 08:54,30-01-2017 08:54
